name_given,name_family,address,city,state_prov,postcode,country,email_addr,phone_number,country_code,gender,dob,height_cm,weight_kg
Ruth,Conte,4299 Bobcat Drive,Baileys Crossroads,MD,22041,USA,rcconte@example.com,240-783-7630,1,female,1949-03-16,153,76.4
Peter,Möller,3705 Hidden Pond Road,Red Boiling Springs,TN,37150,USA,pmoeller@example.com,615-699-3517,1,male,1939-11-22,175,74.9
Fanette,Gadbois,4200 Swick Hill Street,New Orleans,LA,70112,USA,fan_gadbois@example.com,985-205-2970,1,female,1970-12-20,167,61.6
Judyta,Borkowska,2287 Cherry Ridge Drive,Oakfield,NY,14125,USA,jdtabork@example.com,585-948-7790,1,female,1965-07-19,156,54.5
Leonard,Jacobs,1496 Hillhaven Drive,Los Angeles,CA,90036,USA,leojacobs@example.com,323-857-6576,1,male,1985-10-01,177,113.2
Maymun,Khoury,4088 Barnes Avenue,Hamilton,OH,45013,USA,mikhoury77@example.com,513-738-1936,1,male,1977-12-30,172,88.4
Alma,Winther,4897 Duffy Street,Merrillville,IN,46410,USA,alma_winther@example.com,219-795-6538,1,female,2001-04-01,168,63.5
Mariana,Dias,2016 Kovar Road,Brockton,MA,02401,USA,mb_dias@example.com,508-568-9441,1,female,1995-08-27,165,61.3
Ning,Han,3892 Bel Meadow Drive,Claremont,CA,91711,USA,ninghan@example.com,909-399-9407,1,male,1973-01-25,181,99.7
Martin,Bartůněk,1850 Valley Lane,Austin,TX,78744,USA,martbart@example.com,512-698-8283,1,male,1988-07-24,187,102.4
Cendrillon,Bossé,Rue de Liège 466,Lommersweiler,,4783,BEL,cendrbosse@example.com,0490 73 65 40,32,female,1960-08-11,164,70.3
Adélaïde,Leduc,Orchideeenlaan 470,Mesen,,8957,BEL,adelaide@example.com,0475 23 77 55,32,female,1950-12-02,151,63.1
Sezer,Limburg,Rue de la Tannerie 111,Havelange,,5370,BEL,sezerlimburg@example.com,0488 89 00 99,32,male,1987-04-26,192,86.2
Gilles,Lafontaine,Avenue des Sartiaux 259,Winenne,,5570,BEL,gilles_lafontaine@example.com,0494 49 44 42,32,male,1991-03-24,184,96.2
Gabriele,Ritter,Maskenstraat 360,Klein-Gelmen,,3870,BEL,gabrielle_r@example.com,0493 29 02 03,32,female,1944-11-04,166,73.7
Josette,Grimard,Rue des Honnelles 220,Zandvoorde,,8400,BEL,josettegrimard@example.com,0491 99 91 75,32,female,1962-11-23,155,63.5
Rabah,Najjar,Rue du Cornet 25,Assent,,3460,BEL,rabahnajjar@example.com,0495 23 22 72,32,male,1950-05-01,175,71.3
Michelina,Mazzanti,Orchideeenlaan 231,Membre,,5550,BEL,michemazz@example.com,0475 98 87 75,32,female,1976-06-23,158,72.3
Amélie,Perillard,Rue de Birmingham 340,Deux-Acren,,7864,BEL,amelie_p@example.com,0471 66 75 53,32,female,1987-11-06,171,60.2
Searlas,Rossignol,Rue de Liège 46,Londerzeel,,1840,BEL,searlas_r@example.com,0478 52 80 31,32,male,1967-03-15,178,93.8
Stanisław,Czerwinski,ul. Osinowa 129,Łódź,,91-348,POL,stanczerwinski@example.com,69 432 22 80,48,male,1960-11-08,176,69.3
Wiola,Michalska,ul. Narwicka 103,Gdańsk,,80-557,POL,wiolamichalska@example.com,51 364 12 57,48,female,2001-03-07,167,58.1
Zdzisława,Zając,ul. Spokojna 139,Jastrzębie-Zdrój,,44-336,POL,zzajac@example.com,67 169 80 27,48,female,1997-07-12,171,54.2
Beatrycze,Kucharska,ul. Grochowa 59,Łódź,,94-248,POL,beatrycze_k@example.com,78 355 85 49,48,female,2003-08-28,170,51.5
Iwan,Olszewski,ul. Świętego Wawrzyńca 51,Poznań,,60-541,POL,iwan_ols@example.com,60 338 94 82,48,male,1970-04-03,188,96.5
Albina,Wiśniewska,ul. Królowej Jadwigi 127,Kraków,,30-212,POL,albina_wisniewska@example.com,53 337 68 52,48,female,1974-06-17,161,56.7
Izabella,Rutkowska,ul. Młynka Tadeusza 72,Olsztyn,,10-756,POL,iza_rutkowska@example.com,67 633 67 18,48,female,1995-02-23,169,53.2
Gaweł,Zając,ul. Uzdowska 90,Warszawa,,03-011,POL,gawelzajac@example.com,69 226 84 11,48,male,1979-06-15,183,95.3
Krzysztof,Kowalczyk,ul. Górna 109,Rzeszów,,35-322,POL,krzysztof_k@example.com,69 121 36 10,48,male,1976-02-27,178,95.8
Konstancja,Sobczak,Pl. Grunwaldzki 17,Wrocław,,50-388,POL,konstancja_sobczak@example.com,69 275 42 13,48,female,1984-04-26,166,62.3
Pava,Štritof,6 Guild Street,London,,NW10 2BH,GBR,pavastritof@example.com,070 3395 7344,44,female,1984-08-23,163,52.7
Nathan,O'Connor,8 Dunmow Road,Greywell,,RG29 8BG,GBR,nateoconnor@example.com,077 0991 7027,44,male,1962-08-09,168,80.3
Alicia,Dobson,94 Whatlington Road,Courtway,,TA5 4UQ,GBR,alicia_dobson@example.com,078 4168 9502,44,female,1995-11-05,168,56.7
Letizia,Moretti,27 Wade Lane,Salt Hill,,SL1 4ZE,GBR,l_moretti@example.com,070 8064 4422,44,female,1977-09-22,155,51.3
Ryley,Robertson,67 Telford Street,Barcaple,,DG7 8QX,GBR,ry_robertson@example.com,070 5159 1071,44,male,1970-09-16,189,103.5
Askalu,Fikru,94 Union Terrace,London,,E1 8YX,GBR,askalu_fikru@example.com,079 3338 3842,44,female,1984-06-22,154,61.2
Marcel,Busch,86 Brackley Road,Timble,,LS21 0PZ,GBR,marcel_busch@example.com,079 5820 6364,44,male,1991-03-05,184,86.4
Jemma,Williamson,17 Shore Street,Stodmarsh,,CT3 8HS,GBR,jemma_w@example.com,078 4187 0246,44,female,2000-05-21,159,55.1
Kayleigh,Kerr,48 Middlewich Road,Fionnphort,,PA66 8QR,GBR,kay_kerr@example.com,078 5378 5694,44,female,1990-10-30,166,53.8
Harvey,Ryan,77 Fore Street,Troedyraur,,SA38 3LT,GBR,harv_ryan@example.com,078 3924 6004,44,male,1996-07-13,175,84.0
Hjalte,Nielsen,Mølleløkken 87,Odense,,5100,DNK,ha_nielsen@example.com,81-26-83-27,45,male,1981-08-01,178,93.6
Mathilde,Christensen,Håndværkervej 84,København,,1470,DNK,m_christensen@example.com,53-99-37-08,45,female,1968-12-14,168,58.2
Rolla,Skov,Gasværksvej 80,Assens,,5610,DNK,rollaskov@example.com,25-17-66-94,45,female,1986-04-03,167,52.0
Mikail,Berggren,Ørbækvej 87,Frederiksberg,,1815,DNK,mikail_berggren@example.com,21-94-53-70,45,male,1978-01-07,177,76.1
Oliver,Mikkelsen,Søndervænget 19,København,,1162,DNK,oli_mikkelsen@example.com,23-29-73-90,45,male,1973-10-11,182,87.9
Lærke,Berg,Gasværksvej 93,Årslev,,5792,DNK,laerkeberg@example.com,40-49-13-53,45,female,1967-07-05,163,55.3
Malene,Kruse,Mellemvej 92,Aalborg,,9029,DNK,malenekruse@example.com,51-84-62-60,45,female,1977-12-03,159,51.4
Søren,Lauridsen,Degnehøjvej 97,Skælskør,,4230,DNK,s_lauridsen@example.com,81-38-02-45,45,male,2002-03-02,180,77.8
Anne,Hansen,Rynkebyvej 88,Søborg,,2860,DNK,annehansen@example.com,40-21-61-72,45,female,1995-05-06,164,58.7
Natasja,Hedegaard,Kilen 41,Århus,,8100,DNK,natasja_h@example.com,52-89-14-77,45,female,1999-07-07,158,56.3
Brodie,Wainewright,"236 Matai Street East, Phillipstown",Christchurch,,8011,NZL,brodie_ww@example.com,(021) 6099-895,64,male,1975-07-26,183,93.2
Declan,Saunders,"65 Centre Street, Mechanics Bay",Auckland,,1010,NZL,dec_saunders@example.com,(022) 0351-397,64,male,1983-01-30,171,73.1
Faith,Steele,"174 Tarawera Road, Whakarewarewa",Rotorua,,3010,NZL,faith_steele@example.com,(026) 9472-727,64,female,1989-05-25,162,55.2
Eleanor,Gibbs,"112 Clark Road, Whenuapai",Waitakere,,0618,NZL,eleanorgibbs@example.com,(022) 9954-659,64,female,1998-02-10,174,63.6
George,Porter,"46 Westchester Drive East, Johnsonville",Wellington,,6037,NZL,george_c_porter@example.com,(027) 1926-224,64,male,1972-12-10,169,87.2
Courtney,Powell,"190 Harriet Street, Mangere East",Manukau,,2024,NZL,courtney_powell@example.com,(027) 8773-617,64,female,1998-08-26,159,54.7
Cameron,Kemp,"68 Pikitanga Close, Grenada North",Wellington,,5028,NZL,cam_kemp@example.com,(029) 2132-711,64,male,2002-03-29,172,70.5
Scott,McKenzie,"190 Fantail Drive, Maungatapu",Tauranga,,3112,NZL,scott_mckenzie@example.com,(028) 6238-323,64,male,1993-09-14,180,85.0
Libby,Marshall,"5 Scotland Place, Hillcrest",Hamilton,,3216,NZL,libby_marshall@example.com,(022) 0879-718,64,female,1992-12-26,161,53.2
Daniel,Wood,"20 Pirangi Street, St Johns",Auckland,,1072,NZL,dan_k_wood@example.com,(029) 0561-239,64,male,1982-06-06,171,78.3
Zorka,Paić,Gosposka ulica 103,Notranje Gorice,,1357,SVN,zorkapaic@example.com,031-585-354,386,female,1985-03-09,165,53.1
Marenka,Kučiš,Letališka 113,Kapla,,2362,SVN,marenkakucis@example.com,031-238-546,386,female,1995-04-11,158,52.1
Svit,Habas,Turjaška 96,Rače,,2327,SVN,svit_habas@example.com,051-408-723,386,male,1998-02-16,176,86.3
Marša,Možgon,Dalmatinova 99,Vransko,,3305,SVN,marsa_mozgon@example.com,051-841-069,386,female,1985-01-17,156,53.0
Pankracij,Konovšek,Letališka 53,Kamna Gorica,,4246,SVN,pankracij@example.com,031-091-090,386,male,1980-02-13,177,92.5
Feride,Šijan,Tavcarjeva 58,Sodražica,,1317,SVN,feride_sijan@example.com,070-736-764,386,female,1988-07-12,162,51.7
Ana,Hadžimuratović,Trg revolucije 66,Celje,,3502,SVN,ana_hadz@example.com,070-518-851,386,female,1998-08-14,159,54.7
Umbert,Simunič,Kolodvorska 28,Limbuš,,2341,SVN,umbert_simunic@example.com,031-766-270,386,male,1977-11-01,182,100.2
Naima,Maurović,Turjaška 106,Poljčane,,2319,SVN,naima_m@example.com,051-829-003,386,female,1996-03-09,156,49.9
Vejsil,Crevar,Gosposka ulica 60,Novo mesto,,8501,SVN,vejsil_crevar@example.com,031-561-314,386,male,1988-01-02,180,93.2
Orville,Boisvert,3564 René-Lévesque Blvd,Montreal,QC,H3B 4W8,CAN,orville_b@example.com,514-570-9766,1,male,1972-10-04,181,95.8
Eva,Simpson,1193 Wallace Street,Nanaimo,BC,V9R 3A8,CAN,eva_simpson@example.com,250-802-5218,1,female,1973-03-14,166,55.6
Matilda,Bates,582 Islington Ave,Toronto,ON,M8V 3B6,CAN,mbates88@example.com,647-227-1910,1,female,1988-05-13,168,54.3
Madison,Vaughan,2900 Duke Street,Montreal,QC,H3C 5K4,CAN,maddy_vaughan@example.com,514-217-3859,1,female,1999-03-08,165,53.7
Nick,Lettiere,34 Condotti Dr,Woodbridge,ON,L4H 2C8,CAN,nick_lettiere@example.com,905-338-9775,1,male,1993-09-12,187,83.6
Neil,Millar,2437 Westoak Trails Blvd,Oakville,ON,L6M 3X6,CAN,neilmillar@example.com,416-770-6730,1,male,1991-08-09,189,78.9
Mollie,Hayward,2818 Leslie Street,Newmarket,ON,L3Y 2A3,CAN,mollie_hayward@example.com,905-952-3744,1,female,1992-05-22,164,62.4
Jennifer,Dale,1233 40th Street,Calgary,AB,T2P 4L4,CAN,jen_dale@example.com,403-667-9723,1,female,1983-05-05,156,65.3
Lan,Pai,1004 Bridgeport Rd,Hamilton,ON,L9A 4V3,CAN,lan_pai@example.com,742-383-0166,1,female,1993-07-17,158,52.5
Benjamin,Yefremov,4423 Mt Edward Rd,Charlottetown,NS,C1A 5T1,CAN,ben_yefremov@example.com,902-367-1851,1,male,1996-03-27,176,86.2
Dieter,Koenig,Fugger Strasse 76,Wesel,,46485,DEU,dieter_koenig@example.com,0281 46 32 47,49,male,1966-06-19,176,93.2
Grégoire,Brisette,Karl-Liebknecht-Strasse 88,Bruchhausen-Vilsen,,27305,DEU,gregoire_b@example.com,04251 79 36 99,49,male,1992-12-19,173,84.3
Olger,Bui,Mellingburgredder 96,Erlangen,,91014,DEU,olger_bui@example.com,09131 21 06 41,49,male,1973-03-11,185,93.8
Simone,Diederich,Alsterkrugchaussee 58,Leinburg,,91225,DEU,simone_diederich@example.com,09120 64 08 89,49,female,1998-01-26,155,54.2
Daniela,Klein,Hollander Strasse 83,Netzbach,,65623,DEU,danielaklein@example.com,06430 44 85 38,49,female,1998-08-02,164,57.3
Jürgen,Schmid,Jenaer Strasse 94,Essen,,45149,DEU,juergen_schmid@example.com,0201 33 14 83,49,male,1975-02-17,176,88.6
Thomas,Engel,Luebecker Strasse 67,Haßfurt,,97431,DEU,thos_engel@example.com,09521 11 67 99,49,male,1994-01-19,179,96.2
Christin,Hofmann,Hallesches Ufer 99,Lebach,,66822,DEU,christinhofmann@example.com,06881 65 11 48,49,female,1994-07-12,166,53.2
Angelika,Gottlieb,Heinrich Heine Platz 5,Bischofswerda,,01873,DEU,angelikagottlieb@example.com,03594 73 56 35,49,female,1999-02-22,164,57.3
Karolin,Wurfel,Feldstrasse 49,Eggesin,,17364,DEU,karolinwurfel@example.com,039779 44 81,49,female,1991-01-20,162,52.4
Milla,Christison,34 McGregor Street,Kinalung,NSW,2880,AUS,milla_c@example.com,(02) 4002 5734,61,female,1997-07-06,165,59.3
Alannah,Stead,44 Mt Berryman Road,Ropeley,QLD,4343,AUS,alannahstead@example.com,(07) 4598 9718,61,female,1986-02-19,168,62.7
Lucas,Fitzhardinge,88 Dossiter Street,Waterloo,TAS,7109,AUS,lucas_fitz@example.com,(03) 6214 2586,61,male,1991-03-09,179,89.0
Lucinda,Goldhar,24 Settlement Road,Dargo,VIC,3862,AUS,lucinda_g@example.com,(08) 8764 0723,61,female,1984-08-07,170,63.8
Alexis,Dearth,60 Sunnyside Road,Taylorville,SA,5330,AUS,alexisdearth@example.com,(08) 8781 7784,61,female,1979-07-26,167,58.8
Christopher,Hansen,99 Weemala Avenue,Gooloogong,NSW,2805,AUS,chrishansen85@example.com,(02) 4001 7042,61,male,1985-02-25,175,85.8
Scott,Kaczmarek,94 Peninsula Drive,Illawong,NSW,2234,AUS,scott_kaczmarek@example.com,(02) 4251 1932,61,male,1998-11-12,185,88.4
Brandon,Pugliesi,83 McDowall Street,Balmoral Ridge,QLD,4552,AUS,brandon_pugliesi@example.com,(07) 5376 0506,61,male,1987-08-23,173,82.1
Rachel,Bremer,80 Argyle Street,Stratford,NSW,2422,AUS,rachel_bremer@example.com,(02) 4904 0795,61,female,1996-12-02,159,55.8
Kaitlyn,Kerferd,15 Souttar Terrace,Kingsley,WA,6026,AUS,kaitlyn_kerferd@example.com,(08) 9463 8262,61,female,1990-06-30,156,53.3